id, time, nodeaddr, appeui, gwaddr, modulation, datarate, snr, rssi, freq, fcount, lat, lon, alt, accuracy, hdop, sats, provider, user_agent
253974569, 2020-12-26 17:19:25, wisblockmapper, wisblock_mapper, ttn-gateway-utad-arroios-02, LORA, SF7BW125, 7.00, -108.00, 868.300, null, 41.288044, -7.702947, 599.0, 4.00, null, null, gps, null
253974464, 2020-12-26 17:19:05, wisblockmapper, wisblock_mapper, ttn-gateway-utad-arroios-02, LORA, SF7BW125, -8.00, -115.00, 867.300, null, 41.286092, -7.702488, 609.0, 3.00, null, null, gps, null
253968164, 2020-12-26 16:59:05, wisblockmapper, wisblock_mapper, AC1F09FFFE014580, LORA, SF7BW125, -6.00, -121.00, 868.100, null, 41.222223, -7.634886, 666.0, 2.50, null, null, gps, null
253967299, 2020-12-26 16:56:25, wisblockmapper, wisblock_mapper, AC1F09FFFE014580, LORA, SF7BW125, -3.30, -115.00, 867.900, null, 41.220235, -7.624730, 616.0, 2.50, null, null, gps, null
253967209, 2020-12-26 16:56:05, wisblockmapper, wisblock_mapper, AC1F09FFFE014580, LORA, SF7BW125, 5.30, -115.00, 867.900, null, 41.219324, -7.623323, 609.0, 3.50, null, null, gps, null
253967083, 2020-12-26 16:55:45, wisblockmapper, wisblock_mapper, AC1F09FFFE014580, LORA, SF7BW125, 4.30, -111.00, 868.500, null, 41.217973, -7.623484, 605.0, 3.00, null, null, gps, null
253966890, 2020-12-26 16:55:05, wisblockmapper, wisblock_mapper, AC1F09FFFE014580, LORA, SF7BW125, 6.30, -103.00, 867.100, null, 41.216896, -7.620356, 591.0, 2.00, null, null, gps, null
253966766, 2020-12-26 16:54:45, wisblockmapper, wisblock_mapper, AC1F09FFFE014580, LORA, SF7BW125, 5.80, -103.00, 868.500, null, 41.215587, -7.619420, 587.0, 2.50, null, null, gps, null
253965446, 2020-12-26 16:50:45, wisblockmapper, wisblock_mapper, AC1F09FFFE014580, LORA, SF7BW125, 5.30, -107.00, 867.900, null, 41.206955, -7.627631, 506.0, 2.50, null, null, gps, null
253961089, 2020-12-26 16:37:25, wisblockmapper, wisblock_mapper, AC1F09FFFE014580, LORA, SF7BW125, 9.00, -95.00, 867.900, null, 41.179114, -7.641550, 343.0, 1.50, null, null, gps, null
253960944, 2020-12-26 16:37:05, wisblockmapper, wisblock_mapper, AC1F09FFFE014580, LORA, SF7BW125, 9.50, -91.00, 868.300, null, 41.178169, -7.640975, 343.0, 2.50, null, null, gps, null
253959153, 2020-12-26 16:31:45, wisblockmapper, wisblock_mapper, AC1F09FFFE014580, LORA, SF7BW125, 9.00, -87.00, 868.300, null, 41.163794, -7.640734, 289.0, 2.50, null, null, gps, null
253958516, 2020-12-26 16:29:45, wisblockmapper, wisblock_mapper, AC1F09FFFE014580, LORA, SF7BW125, 7.00, -107.00, 868.100, null, 41.164528, -7.634232, 255.0, 2.00, null, null, gps, null
253958416, 2020-12-26 16:29:25, wisblockmapper, wisblock_mapper, AC1F09FFFE014580, LORA, SF7BW125, 0.00, -107.00, 867.700, null, 41.163453, -7.633002, 250.0, 2.00, null, null, gps, null
253956333, 2020-12-26 16:23:05, wisblockmapper, wisblock_mapper, AC1F09FFFE014580, LORA, SF7BW125, 4.30, -109.00, 867.100, null, 41.162547, -7.623657, 187.0, 2.50, null, null, gps, null
253955546, 2020-12-26 16:20:45, wisblockmapper, wisblock_mapper, AC1F09FFFE014580, LORA, SF7BW125, -4.30, -119.00, 868.100, null, 41.162296, -7.611863, 151.0, 2.00, null, null, gps, null
253955439, 2020-12-26 16:20:25, wisblockmapper, wisblock_mapper, AC1F09FFFE014580, LORA, SF7BW125, 4.80, -106.00, 867.300, null, 41.161935, -7.609945, 160.0, 2.00, null, null, gps, null
253955333, 2020-12-26 16:20:05, wisblockmapper, wisblock_mapper, AC1F09FFFE01457C, LORA, SF7BW125, -6.00, -119.00, 868.500, null, 41.162312, -7.608899, 165.0, 2.00, null, null, gps, null
253955206, 2020-12-26 16:19:45, wisblockmapper, wisblock_mapper, AC1F09FFFE014580, LORA, SF7BW125, 6.50, -103.00, 867.500, null, 41.161932, -7.607642, 176.0, 2.50, null, null, gps, null
253955095, 2020-12-26 16:19:25, wisblockmapper, wisblock_mapper, AC1F09FFFE014580, LORA, SF7BW125, 7.80, -99.00, 867.300, null, 41.161374, -7.606311, 184.0, 2.50, null, null, gps, null
253954998, 2020-12-26 16:19:05, wisblockmapper, wisblock_mapper, AC1F09FFFE014580, LORA, SF7BW125, 4.50, -107.00, 867.900, null, 41.161314, -7.605990, 186.0, 2.50, null, null, gps, null
253954859, 2020-12-26 16:18:45, wisblockmapper, wisblock_mapper, AC1F09FFFE014580, LORA, SF7BW125, 4.80, -106.00, 867.900, null, 41.161314, -7.605990, 186.0, 3.00, null, null, gps, null
253954747, 2020-12-26 16:18:25, wisblockmapper, wisblock_mapper, AC1F09FFFE014580, LORA, SF7BW125, 5.80, -105.00, 868.300, null, 41.161309, -7.605989, 187.0, 2.50, null, null, gps, null
253954643, 2020-12-26 16:18:05, wisblockmapper, wisblock_mapper, AC1F09FFFE014580, LORA, SF7BW125, 5.80, -107.00, 868.300, null, 41.161310, -7.605992, 188.0, 2.50, null, null, gps, null
253954311, 2020-12-26 16:17:05, wisblockmapper, wisblock_mapper, AC1F09FFFE014580, LORA, SF7BW125, 6.80, -98.00, 867.500, null, 41.161113, -7.602679, 219.0, 2.50, null, null, gps, null
253954186, 2020-12-26 16:16:45, wisblockmapper, wisblock_mapper, AC1F09FFFE014580, LORA, SF7BW125, 0.00, -111.00, 867.300, null, 41.161894, -7.601506, 236.0, 2.50, null, null, gps, null
253953839, 2020-12-26 16:15:45, wisblockmapper, wisblock_mapper, AC1F09FFFE014580, LORA, SF7BW125, -1.00, -112.00, 868.500, null, 41.162681, -7.601497, 259.0, 2.00, null, null, gps, null
253953498, 2020-12-26 16:14:45, wisblockmapper, wisblock_mapper, AC1F09FFFE014580, LORA, SF7BW125, 5.00, -107.00, 867.100, null, 41.163961, -7.604769, 288.0, 2.00, null, null, gps, null
253951306, 2020-12-26 16:08:05, wisblockmapper, wisblock_mapper, AC1F09FFFE014580, LORA, SF7BW125, 0.30, -111.00, 867.700, null, 41.175766, -7.597789, 521.0, 2.50, null, null, gps, null
253951195, 2020-12-26 16:07:45, wisblockmapper, wisblock_mapper, AC1F09FFFE014580, LORA, SF7BW125, 5.00, -103.00, 868.500, null, 41.174787, -7.597898, 517.0, 2.50, null, null, gps, null
253951068, 2020-12-26 16:07:25, wisblockmapper, wisblock_mapper, AC1F09FFFE014580, LORA, SF7BW125, 8.80, -95.00, 868.300, null, 41.174165, -7.596324, 517.0, 2.00, null, null, gps, null
253950780, 2020-12-26 16:06:25, wisblockmapper, wisblock_mapper, AC1F09FFFE014580, LORA, SF7BW125, 1.00, -112.00, 867.500, null, 41.173269, -7.592794, 519.0, 2.00, null, null, gps, null
253950684, 2020-12-26 16:06:05, wisblockmapper, wisblock_mapper, AC1F09FFFE014580, LORA, SF7BW125, 6.30, -99.00, 867.500, null, 41.172220, -7.591674, 516.0, 3.00, null, null, gps, null
253950557, 2020-12-26 16:05:45, wisblockmapper, wisblock_mapper, AC1F09FFFE01457C, LORA, SF7BW125, -1.80, -116.00, 868.100, null, 41.171310, -7.590644, 521.0, 2.50, null, null, gps, null
253950558, 2020-12-26 16:05:45, wisblockmapper, wisblock_mapper, AC1F09FFFE014580, LORA, SF7BW125, 9.00, -95.00, 868.100, null, 41.171310, -7.590644, 521.0, 2.50, null, null, gps, null
253950435, 2020-12-26 16:05:25, wisblockmapper, wisblock_mapper, AC1F09FFFE01457C, LORA, SF7BW125, 7.80, -105.00, 867.900, null, 41.172317, -7.590283, 520.0, 3.50, null, null, gps, null
253950327, 2020-12-26 16:05:05, wisblockmapper, wisblock_mapper, AC1F09FFFE01457C, LORA, SF7BW125, -2.50, -109.00, 868.300, null, 41.173359, -7.590015, 515.0, 2.50, null, null, gps, null
253950219, 2020-12-26 16:04:45, wisblockmapper, wisblock_mapper, AC1F09FFFE01457C, LORA, SF7BW125, 6.30, -111.00, 868.100, null, 41.174391, -7.589939, 508.0, 2.50, null, null, gps, null
253950116, 2020-12-26 16:04:25, wisblockmapper, wisblock_mapper, AC1F09FFFE01457C, LORA, SF7BW125, 0.80, -112.00, 867.300, null, 41.175519, -7.590127, 501.0, 2.50, null, null, gps, null
253950012, 2020-12-26 16:04:05, wisblockmapper, wisblock_mapper, AC1F09FFFE01457C, LORA, SF7BW125, 7.00, -99.00, 868.500, null, 41.176670, -7.590307, 505.0, 2.00, null, null, gps, null
253949880, 2020-12-26 16:03:45, wisblockmapper, wisblock_mapper, AC1F09FFFE01457C, LORA, SF7BW125, 7.80, -92.00, 867.700, null, 41.177898, -7.590958, 509.0, 2.50, null, null, gps, null
253949773, 2020-12-26 16:03:25, wisblockmapper, wisblock_mapper, AC1F09FFFE01457C, LORA, SF7BW125, 4.50, -98.00, 867.500, null, 41.178888, -7.589882, 507.0, 2.50, null, null, gps, null
253949672, 2020-12-26 16:03:05, wisblockmapper, wisblock_mapper, AC1F09FFFE01457C, LORA, SF7BW125, 6.30, -101.00, 868.100, null, 41.179587, -7.588759, 502.0, 2.00, null, null, gps, null
253949546, 2020-12-26 16:02:45, wisblockmapper, wisblock_mapper, AC1F09FFFE01457C, LORA, SF7BW125, -2.50, -114.00, 867.900, null, 41.179594, -7.587464, 495.0, 2.50, null, null, gps, null
253949336, 2020-12-26 16:02:05, wisblockmapper, wisblock_mapper, AC1F09FFFE01457C, LORA, SF7BW125, 3.00, -106.00, 868.100, null, 41.181689, -7.588677, 466.0, 2.50, null, null, gps, null
253946573, 2020-12-26 15:54:05, wisblockmapper, wisblock_mapper, AC1F09FFFE01457C, LORA, SF7BW125, 7.00, -98.00, 868.300, null, 41.173659, -7.575266, 278.0, 2.50, null, null, gps, null
253946439, 2020-12-26 15:53:45, wisblockmapper, wisblock_mapper, AC1F09FFFE01457C, LORA, SF7BW125, 5.80, -103.00, 867.100, null, 41.174038, -7.573515, 283.0, 2.50, null, null, gps, null
253946318, 2020-12-26 15:53:25, wisblockmapper, wisblock_mapper, AC1F09FFFE01457C, LORA, SF7BW125, 6.30, -106.00, 868.500, null, 41.174285, -7.571196, 283.0, 3.00, null, null, gps, null
253946183, 2020-12-26 15:53:05, wisblockmapper, wisblock_mapper, AC1F09FFFE01457C, LORA, SF7BW125, 8.80, -94.00, 867.700, null, 41.173914, -7.569124, 281.0, 3.00, null, null, gps, null
253946075, 2020-12-26 15:52:45, wisblockmapper, wisblock_mapper, C0EE40FFFF294B3F, LORA, SF7BW125, -6.00, -115.00, 867.300, null, 41.173821, -7.567720, 281.0, 3.50, null, null, gps, null
253946076, 2020-12-26 15:52:45, wisblockmapper, wisblock_mapper, AC1F09FFFE01457C, LORA, SF7BW125, 7.30, -95.00, 867.300, null, 41.173821, -7.567720, 281.0, 3.50, null, null, gps, null
253945951, 2020-12-26 15:52:25, wisblockmapper, wisblock_mapper, AC1F09FFFE01457C, LORA, SF7BW125, 8.80, -97.00, 868.100, null, 41.175346, -7.567979, 273.0, 2.50, null, null, gps, null
253945825, 2020-12-26 15:52:05, wisblockmapper, wisblock_mapper, AC1F09FFFE01457C, LORA, SF7BW125, 1.50, -112.00, 867.700, null, 41.175668, -7.566687, 271.0, 2.00, null, null, gps, null
253945665, 2020-12-26 15:51:45, wisblockmapper, wisblock_mapper, AC1F09FFFE01457C, LORA, SF7BW125, 3.00, -105.00, 868.500, null, 41.174316, -7.565433, 261.0, 2.50, null, null, gps, null
253945537, 2020-12-26 15:51:25, wisblockmapper, wisblock_mapper, AC1F09FFFE01457C, LORA, SF7BW125, 9.50, -94.00, 868.300, null, 41.174022, -7.564060, 256.0, 2.00, null, null, gps, null
253945408, 2020-12-26 15:51:05, wisblockmapper, wisblock_mapper, AC1F09FFFE01457C, LORA, SF7BW125, 9.50, -94.00, 867.300, null, 41.174967, -7.563032, 247.0, 2.00, null, null, gps, null
253945257, 2020-12-26 15:50:45, wisblockmapper, wisblock_mapper, AC1F09FFFE01457C, LORA, SF7BW125, 9.30, -82.00, 867.100, null, 41.175041, -7.561685, 241.0, 2.50, null, null, gps, null
253945150, 2020-12-26 15:50:25, wisblockmapper, wisblock_mapper, AC1F09FFFE01457C, LORA, SF7BW125, 7.50, -101.00, 867.500, null, 41.175235, -7.560256, 236.0, 2.50, null, null, gps, null
253945028, 2020-12-26 15:50:05, wisblockmapper, wisblock_mapper, AC1F09FFFE01457C, LORA, SF7BW125, 3.80, -104.00, 867.300, null, 41.176303, -7.560327, 227.0, 2.50, null, null, gps, null
253944898, 2020-12-26 15:49:45, wisblockmapper, wisblock_mapper, AC1F09FFFE01457C, LORA, SF7BW125, 6.50, -102.00, 868.100, null, 41.175700, -7.558344, 225.0, 2.50, null, null, gps, null
253944666, 2020-12-26 15:49:05, wisblockmapper, wisblock_mapper, AC1F09FFFE01457C, LORA, SF7BW125, -3.50, -116.00, 868.300, null, 41.177671, -7.556170, 207.0, 2.00, null, null, gps, null
253944419, 2020-12-26 15:48:25, wisblockmapper, wisblock_mapper, AC1F09FFFE01457C, LORA, SF7BW125, 3.00, -107.00, 867.100, null, 41.180246, -7.555721, 190.0, 2.00, null, null, gps, null
253944286, 2020-12-26 15:48:05, wisblockmapper, wisblock_mapper, C0EE40FFFF294B3F, LORA, SF7BW125, -1.00, -114.00, 867.100, null, 41.180350, -7.554383, 177.0, 2.00, null, null, gps, null
253944287, 2020-12-26 15:48:05, wisblockmapper, wisblock_mapper, AC1F09FFFE01457C, LORA, SF7BW125, -5.50, -117.00, 867.100, null, 41.180350, -7.554383, 177.0, 2.00, null, null, gps, null
253944153, 2020-12-26 15:47:45, wisblockmapper, wisblock_mapper, AC1F09FFFE01457C, LORA, SF7BW125, 1.30, -110.00, 867.500, null, 41.181635, -7.553336, 166.0, 2.00, null, null, gps, null
253943940, 2020-12-26 15:47:05, wisblockmapper, wisblock_mapper, AC1F09FFFE01457C, LORA, SF7BW125, -4.00, -119.00, 868.100, null, 41.184399, -7.551769, 143.0, 3.50, null, null, gps, null
253943706, 2020-12-26 15:46:25, wisblockmapper, wisblock_mapper, C0EE40FFFF294B3F, LORA, SF7BW125, -3.00, -114.00, 868.500, null, 41.186856, -7.550813, 130.0, 3.50, null, null, gps, null
253943707, 2020-12-26 15:46:25, wisblockmapper, wisblock_mapper, AC1F09FFFE01457C, LORA, SF7BW125, -1.50, -114.00, 868.500, null, 41.186856, -7.550813, 130.0, 3.50, null, null, gps, null
253943606, 2020-12-26 15:46:05, wisblockmapper, wisblock_mapper, C0EE40FFFF294B3F, LORA, SF7BW125, -7.20, -116.00, 868.100, null, 41.188545, -7.549877, 133.0, 2.00, null, null, gps, null
253943607, 2020-12-26 15:46:05, wisblockmapper, wisblock_mapper, AC1F09FFFE01457C, LORA, SF7BW125, -1.30, -112.00, 868.100, null, 41.188545, -7.549877, 133.0, 2.00, null, null, gps, null
253943460, 2020-12-26 15:45:45, wisblockmapper, wisblock_mapper, C0EE40FFFF294B3F, LORA, SF7BW125, -2.50, -113.00, 867.300, null, 41.190021, -7.549278, 132.0, 4.00, null, null, gps, null
253943461, 2020-12-26 15:45:45, wisblockmapper, wisblock_mapper, AC1F09FFFE01457C, LORA, SF7BW125, 2.00, -104.00, 867.300, null, 41.190021, -7.549278, 132.0, 4.00, null, null, gps, null
253943113, 2020-12-26 15:44:45, wisblockmapper, wisblock_mapper, AC1F09FFFE01457C, LORA, SF7BW125, -5.00, -117.00, 867.500, null, 41.193833, -7.548877, 139.0, 3.00, null, null, gps, null
253943012, 2020-12-26 15:44:25, wisblockmapper, wisblock_mapper, AC1F09FFFE01457C, LORA, SF7BW125, 2.80, -110.00, 867.900, null, 41.194447, -7.548417, 144.0, 2.50, null, null, gps, null
253942604, 2020-12-26 15:43:05, wisblockmapper, wisblock_mapper, AC1F09FFFE01457C, LORA, SF7BW125, -8.30, -121.00, 867.100, null, 41.190871, -7.547798, 129.0, 4.00, null, null, gps, null
253942196, 2020-12-26 15:42:05, wisblockmapper, wisblock_mapper, C0EE40FFFF294B3F, LORA, SF7BW125, -7.00, -114.00, 867.300, null, 41.189904, -7.548204, 125.0, 2.50, null, null, gps, null
253942197, 2020-12-26 15:42:05, wisblockmapper, wisblock_mapper, AC1F09FFFE01457C, LORA, SF7BW125, -5.30, -117.00, 867.300, null, 41.189904, -7.548204, 125.0, 2.50, null, null, gps, null
253942089, 2020-12-26 15:41:45, wisblockmapper, wisblock_mapper, C0EE40FFFF294B3F, LORA, SF7BW125, -2.50, -114.00, 867.900, null, 41.189971, -7.548330, 123.0, 2.50, null, null, gps, null
253942090, 2020-12-26 15:41:45, wisblockmapper, wisblock_mapper, AC1F09FFFE01457C, LORA, SF7BW125, 6.30, -104.00, 867.900, null, 41.189971, -7.548330, 123.0, 2.50, null, null, gps, null
253941976, 2020-12-26 15:41:25, wisblockmapper, wisblock_mapper, C0EE40FFFF294B3F, LORA, SF7BW125, -8.80, -105.00, 867.700, null, 41.189971, -7.548330, 123.0, 2.50, null, null, gps, null
253941977, 2020-12-26 15:41:25, wisblockmapper, wisblock_mapper, AC1F09FFFE01457C, LORA, SF7BW125, 0.00, -111.00, 867.700, null, 41.189971, -7.548330, 123.0, 2.50, null, null, gps, null
253941879, 2020-12-26 15:41:05, wisblockmapper, wisblock_mapper, C0EE40FFFF294B3F, LORA, SF7BW125, 0.50, -113.00, 868.300, null, 41.189971, -7.548330, 123.0, 2.50, null, null, gps, null
253941880, 2020-12-26 15:41:05, wisblockmapper, wisblock_mapper, AC1F09FFFE01457C, LORA, SF7BW125, 2.30, -109.00, 868.300, null, 41.189971, -7.548330, 123.0, 2.50, null, null, gps, null
253941752, 2020-12-26 15:40:45, wisblockmapper, wisblock_mapper, C0EE40FFFF294B3F, LORA, SF7BW125, 1.00, -111.00, 868.300, null, 41.189971, -7.548330, 123.0, 2.00, null, null, gps, null
253941754, 2020-12-26 15:40:45, wisblockmapper, wisblock_mapper, AC1F09FFFE01457C, LORA, SF7BW125, 2.80, -110.00, 868.300, null, 41.189971, -7.548330, 123.0, 2.00, null, null, gps, null
253941642, 2020-12-26 15:40:25, wisblockmapper, wisblock_mapper, C0EE40FFFF294B3F, LORA, SF7BW125, 2.00, -112.00, 867.100, null, 41.189971, -7.548330, 123.0, 2.50, null, null, gps, null
253941643, 2020-12-26 15:40:25, wisblockmapper, wisblock_mapper, AC1F09FFFE01457C, LORA, SF7BW125, 0.30, -111.00, 867.100, null, 41.189971, -7.548330, 123.0, 2.50, null, null, gps, null
253941523, 2020-12-26 15:40:05, wisblockmapper, wisblock_mapper, C0EE40FFFF294B3F, LORA, SF7BW125, -1.50, -113.00, 868.500, null, 41.189971, -7.548330, 123.0, 2.00, null, null, gps, null
253941524, 2020-12-26 15:40:05, wisblockmapper, wisblock_mapper, AC1F09FFFE01457C, LORA, SF7BW125, -3.50, -117.00, 868.500, null, 41.189971, -7.548330, 123.0, 2.00, null, null, gps, null
253941407, 2020-12-26 15:39:45, wisblockmapper, wisblock_mapper, C0EE40FFFF294B3F, LORA, SF7BW125, -0.50, -109.00, 867.500, null, 41.189971, -7.548330, 123.0, 2.50, null, null, gps, null
253941408, 2020-12-26 15:39:45, wisblockmapper, wisblock_mapper, AC1F09FFFE01457C, LORA, SF7BW125, 1.30, -110.00, 867.500, null, 41.189971, -7.548330, 123.0, 2.50, null, null, gps, null
253941283, 2020-12-26 15:39:25, wisblockmapper, wisblock_mapper, C0EE40FFFF294B3F, LORA, SF7BW125, -2.00, -112.00, 867.500, null, 41.189971, -7.548330, 123.0, 2.50, null, null, gps, null
253941284, 2020-12-26 15:39:25, wisblockmapper, wisblock_mapper, AC1F09FFFE01457C, LORA, SF7BW125, 2.30, -109.00, 867.500, null, 41.189971, -7.548330, 123.0, 2.50, null, null, gps, null
253941191, 2020-12-26 15:39:05, wisblockmapper, wisblock_mapper, C0EE40FFFF294B3F, LORA, SF7BW125, -0.20, -114.00, 868.100, null, 41.189971, -7.548330, 123.0, 2.50, null, null, gps, null
253941192, 2020-12-26 15:39:05, wisblockmapper, wisblock_mapper, AC1F09FFFE01457C, LORA, SF7BW125, 1.80, -112.00, 868.100, null, 41.189971, -7.548330, 123.0, 2.50, null, null, gps, null
253941045, 2020-12-26 15:38:45, wisblockmapper, wisblock_mapper, C0EE40FFFF294B3F, LORA, SF7BW125, -9.00, -107.00, 867.700, null, 41.189971, -7.548330, 123.0, 2.50, null, null, gps, null
253941046, 2020-12-26 15:38:45, wisblockmapper, wisblock_mapper, AC1F09FFFE01457C, LORA, SF7BW125, 0.30, -111.00, 867.700, null, 41.189971, -7.548330, 123.0, 2.50, null, null, gps, null
253940924, 2020-12-26 15:38:25, wisblockmapper, wisblock_mapper, C0EE40FFFF294B3F, LORA, SF7BW125, -0.80, -113.00, 868.500, null, 41.189971, -7.548330, 123.0, 1.50, null, null, gps, null
253940925, 2020-12-26 15:38:25, wisblockmapper, wisblock_mapper, AC1F09FFFE01457C, LORA, SF7BW125, -2.80, -115.00, 868.500, null, 41.189971, -7.548330, 123.0, 1.50, null, null, gps, null
253940798, 2020-12-26 15:38:05, wisblockmapper, wisblock_mapper, C0EE40FFFF294B3F, LORA, SF7BW125, 0.20, -112.00, 868.100, null, 41.189971, -7.548330, 123.0, 1.50, null, null, gps, null
253940799, 2020-12-26 15:38:05, wisblockmapper, wisblock_mapper, AC1F09FFFE01457C, LORA, SF7BW125, 2.80, -112.00, 868.100, null, 41.189971, -7.548330, 123.0, 1.50, null, null, gps, null
253940678, 2020-12-26 15:37:45, wisblockmapper, wisblock_mapper, C0EE40FFFF294B3F, LORA, SF7BW125, 1.50, -113.00, 867.100, null, 41.189977, -7.548335, 123.0, 1.50, null, null, gps, null
253940679, 2020-12-26 15:37:45, wisblockmapper, wisblock_mapper, AC1F09FFFE01457C, LORA, SF7BW125, -0.50, -112.00, 867.100, null, 41.189977, -7.548335, 123.0, 1.50, null, null, gps, null
253940552, 2020-12-26 15:37:25, wisblockmapper, wisblock_mapper, C0EE40FFFF294B3F, LORA, SF7BW125, 0.50, -112.00, 867.100, null, 41.189978, -7.548334, 123.0, 1.50, null, null, gps, null
253940553, 2020-12-26 15:37:25, wisblockmapper, wisblock_mapper, AC1F09FFFE01457C, LORA, SF7BW125, 0.00, -111.00, 867.100, null, 41.189978, -7.548334, 123.0, 1.50, null, null, gps, null
253940447, 2020-12-26 15:37:05, wisblockmapper, wisblock_mapper, C0EE40FFFF294B3F, LORA, SF7BW125, -1.00, -112.00, 867.500, null, 41.189978, -7.548334, 123.0, 1.50, null, null, gps, null
253940448, 2020-12-26 15:37:05, wisblockmapper, wisblock_mapper, AC1F09FFFE01457C, LORA, SF7BW125, 1.30, -110.00, 867.500, null, 41.189978, -7.548334, 123.0, 1.50, null, null, gps, null
253940332, 2020-12-26 15:36:45, wisblockmapper, wisblock_mapper, C0EE40FFFF294B3F, LORA, SF7BW125, -0.80, -110.00, 867.500, null, 41.189978, -7.548334, 123.0, 1.00, null, null, gps, null
253940333, 2020-12-26 15:36:45, wisblockmapper, wisblock_mapper, AC1F09FFFE01457C, LORA, SF7BW125, -0.80, -112.00, 867.500, null, 41.189978, -7.548334, 123.0, 1.00, null, null, gps, null
253940210, 2020-12-26 15:36:25, wisblockmapper, wisblock_mapper, AC1F09FFFE01457C, LORA, SF7BW125, 0.00, -112.00, 867.900, null, 41.189978, -7.548334, 123.0, 1.50, null, null, gps, null
253940103, 2020-12-26 15:36:05, wisblockmapper, wisblock_mapper, AC1F09FFFE01457C, LORA, SF7BW125, -0.50, -113.00, 867.900, null, 41.189978, -7.548334, 123.0, 1.50, null, null, gps, null
253939993, 2020-12-26 15:35:45, wisblockmapper, wisblock_mapper, C0EE40FFFF294B3F, LORA, SF7BW125, -0.50, -113.00, 868.300, null, 41.189978, -7.548334, 123.0, 1.50, null, null, gps, null
253939994, 2020-12-26 15:35:45, wisblockmapper, wisblock_mapper, AC1F09FFFE01457C, LORA, SF7BW125, 0.80, -111.00, 868.300, null, 41.189978, -7.548334, 123.0, 1.50, null, null, gps, null
253939865, 2020-12-26 15:35:25, wisblockmapper, wisblock_mapper, C0EE40FFFF294B3F, LORA, SF7BW125, 0.50, -113.00, 868.300, null, 41.189978, -7.548334, 123.0, 1.50, null, null, gps, null
253939866, 2020-12-26 15:35:25, wisblockmapper, wisblock_mapper, AC1F09FFFE01457C, LORA, SF7BW125, 2.30, -109.00, 868.300, null, 41.189978, -7.548334, 123.0, 1.50, null, null, gps, null
253939731, 2020-12-26 15:35:05, wisblockmapper, wisblock_mapper, C0EE40FFFF294B3F, LORA, SF7BW125, 0.00, -112.00, 867.300, null, 41.189978, -7.548334, 123.0, 1.00, null, null, gps, null
253939732, 2020-12-26 15:35:05, wisblockmapper, wisblock_mapper, AC1F09FFFE01457C, LORA, SF7BW125, -1.30, -112.00, 867.300, null, 41.189978, -7.548334, 123.0, 1.00, null, null, gps, null
253939618, 2020-12-26 15:34:45, wisblockmapper, wisblock_mapper, C0EE40FFFF294B3F, LORA, SF7BW125, 0.50, -112.00, 867.100, null, 41.189978, -7.548334, 123.0, 1.50, null, null, gps, null
253939619, 2020-12-26 15:34:45, wisblockmapper, wisblock_mapper, AC1F09FFFE01457C, LORA, SF7BW125, 1.00, -111.00, 867.100, null, 41.189978, -7.548334, 123.0, 1.50, null, null, gps, null
253939510, 2020-12-26 15:34:25, wisblockmapper, wisblock_mapper, C0EE40FFFF294B3F, LORA, SF7BW125, -6.50, -108.00, 867.700, null, 41.189983, -7.548338, 124.0, 1.00, null, null, gps, null
253939511, 2020-12-26 15:34:25, wisblockmapper, wisblock_mapper, AC1F09FFFE01457C, LORA, SF7BW125, 0.30, -111.00, 867.700, null, 41.189983, -7.548338, 124.0, 1.00, null, null, gps, null
253939378, 2020-12-26 15:34:05, wisblockmapper, wisblock_mapper, C0EE40FFFF294B3F, LORA, SF7BW125, 0.00, -111.00, 867.300, null, 41.189983, -7.548338, 124.0, 1.50, null, null, gps, null
253939379, 2020-12-26 15:34:05, wisblockmapper, wisblock_mapper, AC1F09FFFE01457C, LORA, SF7BW125, 0.30, -110.00, 867.300, null, 41.189983, -7.548338, 124.0, 1.50, null, null, gps, null
253939249, 2020-12-26 15:33:45, wisblockmapper, wisblock_mapper, AC1F09FFFE01457C, LORA, SF7BW125, 2.80, -109.00, 867.900, null, 41.189983, -7.548338, 124.0, 1.50, null, null, gps, null
253939142, 2020-12-26 15:33:25, wisblockmapper, wisblock_mapper, AC1F09FFFE01457C, LORA, SF7BW125, 1.00, -111.00, 867.900, null, 41.189983, -7.548338, 124.0, 1.50, null, null, gps, null
253939036, 2020-12-26 15:33:05, wisblockmapper, wisblock_mapper, C0EE40FFFF294B3F, LORA, SF7BW125, -0.50, -113.00, 868.300, null, 41.189983, -7.548338, 124.0, 1.50, null, null, gps, null
253939037, 2020-12-26 15:33:05, wisblockmapper, wisblock_mapper, AC1F09FFFE01457C, LORA, SF7BW125, 2.00, -110.00, 868.300, null, 41.189983, -7.548338, 124.0, 1.50, null, null, gps, null
253938928, 2020-12-26 15:32:45, wisblockmapper, wisblock_mapper, C0EE40FFFF294B3F, LORA, SF7BW125, -0.20, -113.00, 868.300, null, 41.189983, -7.548338, 124.0, 1.00, null, null, gps, null
253938929, 2020-12-26 15:32:45, wisblockmapper, wisblock_mapper, AC1F09FFFE01457C, LORA, SF7BW125, 1.30, -110.00, 868.300, null, 41.189983, -7.548338, 124.0, 1.00, null, null, gps, null
253938793, 2020-12-26 15:32:25, wisblockmapper, wisblock_mapper, C0EE40FFFF294B3F, LORA, SF7BW125, 0.20, -114.00, 867.300, null, 41.189983, -7.548338, 124.0, 2.00, null, null, gps, null
253938794, 2020-12-26 15:32:25, wisblockmapper, wisblock_mapper, AC1F09FFFE01457C, LORA, SF7BW125, -1.00, -112.00, 867.300, null, 41.189983, -7.548338, 124.0, 2.00, null, null, gps, null
253938688, 2020-12-26 15:32:05, wisblockmapper, wisblock_mapper, AC1F09FFFE01457C, LORA, SF7BW125, 1.00, -112.00, 867.100, null, 41.189983, -7.548338, 124.0, 1.50, null, null, gps, null
253938687, 2020-12-26 15:32:05, wisblockmapper, wisblock_mapper, C0EE40FFFF294B3F, LORA, SF7BW125, 3.50, -113.00, 867.100, null, 41.189983, -7.548338, 124.0, 1.50, null, null, gps, null
253938587, 2020-12-26 15:31:45, wisblockmapper, wisblock_mapper, C0EE40FFFF294B3F, LORA, SF7BW125, 0.00, -108.00, 867.500, null, 41.189983, -7.548338, 124.0, 1.50, null, null, gps, null
253938588, 2020-12-26 15:31:45, wisblockmapper, wisblock_mapper, AC1F09FFFE01457C, LORA, SF7BW125, 1.00, -111.00, 867.500, null, 41.189983, -7.548338, 124.0, 1.50, null, null, gps, null
253938462, 2020-12-26 15:31:25, wisblockmapper, wisblock_mapper, C0EE40FFFF294B3F, LORA, SF7BW125, 1.50, -112.00, 867.300, null, 41.189983, -7.548338, 124.0, 1.50, null, null, gps, null
253938463, 2020-12-26 15:31:25, wisblockmapper, wisblock_mapper, AC1F09FFFE01457C, LORA, SF7BW125, 0.80, -111.00, 867.300, null, 41.189983, -7.548338, 124.0, 1.50, null, null, gps, null
253938354, 2020-12-26 15:31:05, wisblockmapper, wisblock_mapper, C0EE40FFFF294B3F, LORA, SF7BW125, -7.50, -118.00, 867.900, null, 41.189983, -7.548338, 124.0, 2.00, null, null, gps, null
253938355, 2020-12-26 15:31:05, wisblockmapper, wisblock_mapper, AC1F09FFFE01457C, LORA, SF7BW125, 2.30, -111.00, 867.900, null, 41.189983, -7.548338, 124.0, 2.00, null, null, gps, null
253938250, 2020-12-26 15:30:45, wisblockmapper, wisblock_mapper, C0EE40FFFF294B3F, LORA, SF7BW125, -7.00, -104.00, 867.700, null, 41.189983, -7.548338, 124.0, 1.50, null, null, gps, null
253938251, 2020-12-26 15:30:45, wisblockmapper, wisblock_mapper, AC1F09FFFE01457C, LORA, SF7BW125, -0.30, -111.00, 867.700, null, 41.189983, -7.548338, 124.0, 1.50, null, null, gps, null
253938146, 2020-12-26 15:30:25, wisblockmapper, wisblock_mapper, C0EE40FFFF294B3F, LORA, SF7BW125, 0.50, -112.00, 868.300, null, 41.189983, -7.548338, 124.0, 1.50, null, null, gps, null
253938147, 2020-12-26 15:30:25, wisblockmapper, wisblock_mapper, AC1F09FFFE01457C, LORA, SF7BW125, 2.80, -110.00, 868.300, null, 41.189983, -7.548338, 124.0, 1.50, null, null, gps, null
253938039, 2020-12-26 15:30:05, wisblockmapper, wisblock_mapper, C0EE40FFFF294B3F, LORA, SF7BW125, 1.00, -112.00, 868.300, null, 41.189983, -7.548338, 124.0, 1.50, null, null, gps, null
253938040, 2020-12-26 15:30:05, wisblockmapper, wisblock_mapper, AC1F09FFFE01457C, LORA, SF7BW125, 2.80, -110.00, 868.300, null, 41.189983, -7.548338, 124.0, 1.50, null, null, gps, null
253937906, 2020-12-26 15:29:45, wisblockmapper, wisblock_mapper, C0EE40FFFF294B3F, LORA, SF7BW125, -0.20, -111.00, 867.300, null, 41.189983, -7.548338, 124.0, 1.50, null, null, gps, null
253937907, 2020-12-26 15:29:45, wisblockmapper, wisblock_mapper, AC1F09FFFE01457C, LORA, SF7BW125, -0.50, -112.00, 867.300, null, 41.189983, -7.548338, 124.0, 1.50, null, null, gps, null
253937782, 2020-12-26 15:29:25, wisblockmapper, wisblock_mapper, C0EE40FFFF294B3F, LORA, SF7BW125, -0.50, -112.00, 868.500, null, 41.189983, -7.548338, 124.0, 1.50, null, null, gps, null
253937783, 2020-12-26 15:29:25, wisblockmapper, wisblock_mapper, AC1F09FFFE01457C, LORA, SF7BW125, -1.80, -113.00, 868.500, null, 41.189983, -7.548338, 124.0, 1.50, null, null, gps, null
253937681, 2020-12-26 15:29:05, wisblockmapper, wisblock_mapper, C0EE40FFFF294B3F, LORA, SF7BW125, -0.20, -110.00, 867.500, null, 41.189983, -7.548338, 124.0, 1.50, null, null, gps, null
253937682, 2020-12-26 15:29:05, wisblockmapper, wisblock_mapper, AC1F09FFFE01457C, LORA, SF7BW125, 0.80, -106.00, 867.500, null, 41.189983, -7.548338, 124.0, 1.50, null, null, gps, null
253937555, 2020-12-26 15:28:45, wisblockmapper, wisblock_mapper, C0EE40FFFF294B3F, LORA, SF7BW125, 1.00, -108.00, 867.500, null, 41.189983, -7.548338, 124.0, 1.50, null, null, gps, null
253937556, 2020-12-26 15:28:45, wisblockmapper, wisblock_mapper, AC1F09FFFE01457C, LORA, SF7BW125, 1.30, -110.00, 867.500, null, 41.189983, -7.548338, 124.0, 1.50, null, null, gps, null
253937470, 2020-12-26 15:28:25, wisblockmapper, wisblock_mapper, AC1F09FFFE01457C, LORA, SF7BW125, 2.00, -112.00, 867.900, null, 41.189983, -7.548338, 124.0, 1.50, null, null, gps, null
253937380, 2020-12-26 15:28:05, wisblockmapper, wisblock_mapper, AC1F09FFFE01457C, LORA, SF7BW125, 1.00, -112.00, 867.900, null, 41.189983, -7.548338, 124.0, 1.50, null, null, gps, null
253937249, 2020-12-26 15:27:45, wisblockmapper, wisblock_mapper, C0EE40FFFF294B3F, LORA, SF7BW125, -1.20, -112.00, 868.500, null, 41.189983, -7.548338, 124.0, 2.00, null, null, gps, null
253937250, 2020-12-26 15:27:45, wisblockmapper, wisblock_mapper, AC1F09FFFE01457C, LORA, SF7BW125, -2.00, -114.00, 868.500, null, 41.189983, -7.548338, 124.0, 2.00, null, null, gps, null
253937153, 2020-12-26 15:27:25, wisblockmapper, wisblock_mapper, C0EE40FFFF294B3F, LORA, SF7BW125, 0.80, -113.00, 868.300, null, 41.189983, -7.548338, 124.0, 2.00, null, null, gps, null
253937154, 2020-12-26 15:27:25, wisblockmapper, wisblock_mapper, AC1F09FFFE01457C, LORA, SF7BW125, 2.00, -108.00, 868.300, null, 41.189983, -7.548338, 124.0, 2.00, null, null, gps, null
253937053, 2020-12-26 15:27:05, wisblockmapper, wisblock_mapper, C0EE40FFFF294B3F, LORA, SF7BW125, 2.00, -113.00, 867.100, null, 41.189983, -7.548338, 124.0, 2.00, null, null, gps, null
253937054, 2020-12-26 15:27:05, wisblockmapper, wisblock_mapper, AC1F09FFFE01457C, LORA, SF7BW125, -1.30, -112.00, 867.100, null, 41.189983, -7.548338, 124.0, 2.00, null, null, gps, null
253936949, 2020-12-26 15:26:45, wisblockmapper, wisblock_mapper, C0EE40FFFF294B3F, LORA, SF7BW125, 0.20, -115.00, 867.100, null, 41.189993, -7.548353, 124.0, 2.50, null, null, gps, null
253936950, 2020-12-26 15:26:45, wisblockmapper, wisblock_mapper, AC1F09FFFE01457C, LORA, SF7BW125, -8.80, -122.00, 867.100, null, 41.189993, -7.548353, 124.0, 2.50, null, null, gps, null
253936844, 2020-12-26 15:26:25, wisblockmapper, wisblock_mapper, C0EE40FFFF294B3F, LORA, SF7BW125, -1.50, -112.00, 867.500, null, 41.189986, -7.548354, 124.0, 2.50, null, null, gps, null
253936845, 2020-12-26 15:26:25, wisblockmapper, wisblock_mapper, AC1F09FFFE01457C, LORA, SF7BW125, 0.00, -111.00, 867.500, null, 41.189986, -7.548354, 124.0, 2.50, null, null, gps, null
253936757, 2020-12-26 15:26:05, wisblockmapper, wisblock_mapper, C0EE40FFFF294B3F, LORA, SF7BW125, -1.50, -114.00, 867.300, null, 41.189783, -7.548095, 126.0, 2.00, null, null, gps, null
253936758, 2020-12-26 15:26:05, wisblockmapper, wisblock_mapper, AC1F09FFFE01457C, LORA, SF7BW125, -2.50, -115.00, 867.300, null, 41.189783, -7.548095, 126.0, 2.00, null, null, gps, null
253936631, 2020-12-26 15:25:45, wisblockmapper, wisblock_mapper, AC1F09FFFE01457C, LORA, SF7BW125, -6.30, -118.00, 867.900, null, 41.189803, -7.547914, 128.0, 2.00, null, null, gps, null
253936492, 2020-12-26 15:25:25, wisblockmapper, wisblock_mapper, C0EE40FFFF294B3F, LORA, SF7BW125, -0.80, -115.00, 867.900, null, 41.190239, -7.547561, 135.0, 3.00, null, null, gps, null
253936493, 2020-12-26 15:25:25, wisblockmapper, wisblock_mapper, AC1F09FFFE01457C, LORA, SF7BW125, 1.50, -109.00, 867.900, null, 41.190239, -7.547561, 135.0, 3.00, null, null, gps, null
253936275, 2020-12-26 15:24:45, wisblockmapper, wisblock_mapper, C0EE40FFFF294B3F, LORA, SF7BW125, -8.00, -115.00, 868.300, null, 41.190946, -7.547624, 141.0, 3.00, null, null, gps, null
253936276, 2020-12-26 15:24:45, wisblockmapper, wisblock_mapper, AC1F09FFFE01457C, LORA, SF7BW125, -4.00, -119.00, 868.300, null, 41.190946, -7.547624, 141.0, 3.00, null, null, gps, null
253934554, 2020-12-26 15:19:25, wisblockmapper, wisblock_mapper, AC1F09FFFE01457C, LORA, SF7BW125, -5.00, -117.00, 868.100, null, 41.174899, -7.553059, 138.0, 2.00, null, null, gps, null
253934313, 2020-12-26 15:18:45, wisblockmapper, wisblock_mapper, AC1F09FFFE01457C, LORA, SF7BW125, 1.30, -105.00, 868.500, null, 41.172338, -7.554538, 148.0, 3.50, null, null, gps, null
253934232, 2020-12-26 15:18:25, wisblockmapper, wisblock_mapper, AC1F09FFFE01457C, LORA, SF7BW125, 0.80, -112.00, 867.500, null, 41.171138, -7.556213, 157.0, 2.50, null, null, gps, null
253934006, 2020-12-26 15:17:45, wisblockmapper, wisblock_mapper, AC1F09FFFE01457C, LORA, SF7BW125, 10.30, -94.00, 867.900, null, 41.168505, -7.559286, 166.0, 2.00, null, null, gps, null
253933889, 2020-12-26 15:17:25, wisblockmapper, wisblock_mapper, C0EE40FFFF294B3F, LORA, SF7BW125, 1.20, -111.00, 867.900, null, 41.167389, -7.560979, 171.0, 2.50, null, null, gps, null
253933890, 2020-12-26 15:17:25, wisblockmapper, wisblock_mapper, AC1F09FFFE01457C, LORA, SF7BW125, 10.00, -87.00, 867.900, null, 41.167389, -7.560979, 171.0, 2.50, null, null, gps, null
253933770, 2020-12-26 15:17:05, wisblockmapper, wisblock_mapper, C0EE40FFFF294B3F, LORA, SF7BW125, -7.80, -114.00, 868.500, null, 41.166874, -7.562847, 175.0, 2.00, null, null, gps, null
253933771, 2020-12-26 15:17:05, wisblockmapper, wisblock_mapper, AC1F09FFFE01457C, LORA, SF7BW125, 7.80, -99.00, 868.500, null, 41.166874, -7.562847, 175.0, 2.00, null, null, gps, null
253933650, 2020-12-26 15:16:45, wisblockmapper, wisblock_mapper, AC1F09FFFE01457C, LORA, SF7BW125, 1.50, -111.00, 868.300, null, 41.165916, -7.565053, 177.0, 3.50, null, null, gps, null
253933346, 2020-12-26 15:15:45, wisblockmapper, wisblock_mapper, AC1F09FFFE01457C, LORA, SF7BW125, -4.80, -116.00, 867.700, null, 41.163843, -7.570073, 157.0, 2.50, null, null, gps, null
253933147, 2020-12-26 15:15:05, wisblockmapper, wisblock_mapper, AC1F09FFFE01457C, LORA, SF7BW125, 2.50, -111.00, 868.100, null, 41.160975, -7.572490, 144.0, 2.50, null, null, gps, null
253933036, 2020-12-26 15:14:45, wisblockmapper, wisblock_mapper, AC1F09FFFE01457C, LORA, SF7BW125, 4.50, -112.00, 867.900, null, 41.159436, -7.574361, 142.0, 2.50, null, null, gps, null
253932744, 2020-12-26 15:13:45, wisblockmapper, wisblock_mapper, AC1F09FFFE01457C, LORA, SF7BW125, -0.30, -111.00, 867.300, null, 41.157469, -7.582492, 132.0, 2.00, null, null, gps, null
253932646, 2020-12-26 15:13:25, wisblockmapper, wisblock_mapper, AC1F09FFFE014580, LORA, SF7BW125, -2.50, -114.00, 868.500, null, 41.156720, -7.584909, 133.0, 1.50, null, null, gps, null
253932647, 2020-12-26 15:13:25, wisblockmapper, wisblock_mapper, AC1F09FFFE01457C, LORA, SF7BW125, -5.30, -118.00, 868.500, null, 41.156720, -7.584909, 133.0, 1.50, null, null, gps, null
253932521, 2020-12-26 15:13:05, wisblockmapper, wisblock_mapper, AC1F09FFFE014580, LORA, SF7BW125, 4.30, -105.00, 867.700, null, 41.155561, -7.587769, 134.0, 2.00, null, null, gps, null
253932012, 2020-12-26 15:11:25, wisblockmapper, wisblock_mapper, AC1F09FFFE014580, LORA, SF7BW125, -1.30, -116.00, 868.100, null, 41.156793, -7.603651, 136.0, 2.00, null, null, gps, null
253931900, 2020-12-26 15:11:05, wisblockmapper, wisblock_mapper, AC1F09FFFE014580, LORA, SF7BW125, -2.00, -115.00, 867.300, null, 41.157619, -7.606571, 133.0, 1.50, null, null, gps, null
253931783, 2020-12-26 15:10:45, wisblockmapper, wisblock_mapper, AC1F09FFFE014580, LORA, SF7BW125, 3.50, -107.00, 868.500, null, 41.158504, -7.609497, 130.0, 2.00, null, null, gps, null
253931670, 2020-12-26 15:10:25, wisblockmapper, wisblock_mapper, AC1F09FFFE014580, LORA, SF7BW125, 2.80, -104.00, 867.500, null, 41.159195, -7.612546, 129.0, 2.00, null, null, gps, null
253931555, 2020-12-26 15:10:05, wisblockmapper, wisblock_mapper, AC1F09FFFE014580, LORA, SF7BW125, -0.80, -110.00, 867.300, null, 41.159335, -7.615580, 135.0, 1.50, null, null, gps, null
253931445, 2020-12-26 15:09:45, wisblockmapper, wisblock_mapper, AC1F09FFFE014580, LORA, SF7BW125, -4.30, -116.00, 868.100, null, 41.159243, -7.618549, 137.0, 1.50, null, null, gps, null
253931226, 2020-12-26 15:09:05, wisblockmapper, wisblock_mapper, AC1F09FFFE014580, LORA, SF7BW125, 6.80, -105.00, 868.300, null, 41.158197, -7.624148, 133.0, 1.50, null, null, gps, null
253930988, 2020-12-26 15:08:25, wisblockmapper, wisblock_mapper, AC1F09FFFE014580, LORA, SF7BW125, -3.00, -106.00, 867.300, null, 41.157169, -7.630124, 129.0, 3.00, null, null, gps, null
253930880, 2020-12-26 15:08:05, wisblockmapper, wisblock_mapper, AC1F09FFFE014580, LORA, SF7BW125, 6.80, -105.00, 867.100, null, 41.157065, -7.633268, 136.0, 2.00, null, null, gps, null
253930766, 2020-12-26 15:07:45, wisblockmapper, wisblock_mapper, AC1F09FFFE014580, LORA, SF7BW125, 8.80, -99.00, 867.700, null, 41.157127, -7.636401, 133.0, 1.50, null, null, gps, null
253930674, 2020-12-26 15:07:25, wisblockmapper, wisblock_mapper, AC1F09FFFE014580, LORA, SF7BW125, 5.00, -103.00, 867.300, null, 41.157083, -7.639719, 130.0, 2.00, null, null, gps, null
253930558, 2020-12-26 15:07:05, wisblockmapper, wisblock_mapper, AC1F09FFFE014580, LORA, SF7BW125, 4.80, -106.00, 867.900, null, 41.157641, -7.642793, 129.0, 1.50, null, null, gps, null
253930448, 2020-12-26 15:06:45, wisblockmapper, wisblock_mapper, AC1F09FFFE014580, LORA, SF7BW125, 3.00, -109.00, 867.900, null, 41.158528, -7.645889, 133.0, 1.50, null, null, gps, null
253930335, 2020-12-26 15:06:25, wisblockmapper, wisblock_mapper, AC1F09FFFE014580, LORA, SF7BW125, -3.80, -115.00, 868.300, null, 41.159467, -7.648869, 135.0, 1.50, null, null, gps, null
253930334, 2020-12-26 15:06:05, wisblockmapper, wisblock_mapper, AC1F09FFFE014580, LORA, SF7BW125, 6.80, -101.00, 868.100, null, 41.159467, -7.648869, 135.0, 1.50, null, null, gps, null
253929621, 2020-12-26 15:04:25, wisblockmapper, wisblock_mapper, 0002FCC23D0B676D, LORA, SF7BW125, -6.80, -117.00, 868.100, null, 41.160160, -7.666725, 137.0, 2.00, null, null, gps, null
253929622, 2020-12-26 15:04:25, wisblockmapper, wisblock_mapper, AC1F09FFFE014580, LORA, SF7BW125, -3.50, -116.00, 868.100, null, 41.160160, -7.666725, 137.0, 2.00, null, null, gps, null
253929394, 2020-12-26 15:03:45, wisblockmapper, wisblock_mapper, AC1F09FFFE014580, LORA, SF7BW125, -4.30, -117.00, 868.500, null, 41.157353, -7.671727, 136.0, 2.00, null, null, gps, null
253929275, 2020-12-26 15:03:25, wisblockmapper, wisblock_mapper, 0002FCC23D0B676D, LORA, SF7BW125, 5.20, -106.00, 868.300, null, 41.155968, -7.673796, 136.0, 2.00, null, null, gps, null
253929181, 2020-12-26 15:03:05, wisblockmapper, wisblock_mapper, 0002FCC23D0B676D, LORA, SF7BW125, -3.00, -113.00, 867.300, null, 41.154795, -7.675652, 132.0, 2.50, null, null, gps, null
253929040, 2020-12-26 15:02:45, wisblockmapper, wisblock_mapper, 0002FCC23D0B676D, LORA, SF7BW125, -1.80, -112.00, 868.500, null, 41.154348, -7.676379, 128.0, 3.00, null, null, gps, null
253929041, 2020-12-26 15:02:45, wisblockmapper, wisblock_mapper, AC1F09FFFE014580, LORA, SF7BW125, -8.30, -120.00, 868.500, null, 41.154348, -7.676379, 128.0, 3.00, null, null, gps, null
253928921, 2020-12-26 15:02:25, wisblockmapper, wisblock_mapper, 0002FCC23D0B676D, LORA, SF7BW125, 0.00, -111.00, 867.700, null, 41.154348, -7.676379, 128.0, 3.50, null, null, gps, null
253912546, 2020-12-26 14:14:54, wisblockmapper, wisblock_mapper, AC1F09FFFE014580, LORA, SF7BW125, -0.30, -111.00, 868.100, null, 41.194820, -7.691186, 613.0, 2.50, null, null, gps, null
253911236, 2020-12-26 14:10:54, wisblockmapper, wisblock_mapper, AC1F09FFFE014580, LORA, SF7BW125, 3.30, -110.00, 867.100, null, 41.186832, -7.685118, 628.0, 2.00, null, null, gps, null
253911134, 2020-12-26 14:10:34, wisblockmapper, wisblock_mapper, AC1F09FFFE014580, LORA, SF7BW125, -1.50, -113.00, 868.500, null, 41.187077, -7.683439, 635.0, 2.00, null, null, gps, null
253911004, 2020-12-26 14:10:14, wisblockmapper, wisblock_mapper, AC1F09FFFE014580, LORA, SF7BW125, -6.00, -118.00, 867.500, null, 41.186348, -7.681072, 638.0, 2.00, null, null, gps, null
253910770, 2020-12-26 14:09:34, wisblockmapper, wisblock_mapper, AC1F09FFFE014580, LORA, SF7BW125, 3.00, -110.00, 867.900, null, 41.185551, -7.676848, 635.0, 2.00, null, null, gps, null
253910669, 2020-12-26 14:09:14, wisblockmapper, wisblock_mapper, AC1F09FFFE014580, LORA, SF7BW125, 3.30, -111.00, 867.700, null, 41.184799, -7.674993, 630.0, 2.00, null, null, gps, null
253910574, 2020-12-26 14:08:54, wisblockmapper, wisblock_mapper, AC1F09FFFE014580, LORA, SF7BW125, 7.80, -98.00, 868.300, null, 41.184181, -7.672979, 627.0, 2.00, null, null, gps, null
253910453, 2020-12-26 14:08:34, wisblockmapper, wisblock_mapper, AC1F09FFFE014580, LORA, SF7BW125, 7.30, -104.00, 868.100, null, 41.183076, -7.671979, 632.0, 2.00, null, null, gps, null
253910345, 2020-12-26 14:08:14, wisblockmapper, wisblock_mapper, AC1F09FFFE014580, LORA, SF7BW125, 8.00, -93.00, 867.300, null, 41.181951, -7.670264, 626.0, 2.50, null, null, gps, null
253910240, 2020-12-26 14:07:54, wisblockmapper, wisblock_mapper, AC1F09FFFE014580, LORA, SF7BW125, 5.30, -105.00, 868.500, null, 41.180152, -7.670238, 630.0, 2.00, null, null, gps, null
253909794, 2020-12-26 14:06:34, wisblockmapper, wisblock_mapper, AC1F09FFFE014580, LORA, SF7BW125, 5.00, -105.00, 867.900, null, 41.174339, -7.670872, 681.0, 3.00, null, null, gps, null
253909696, 2020-12-26 14:06:14, wisblockmapper, wisblock_mapper, AC1F09FFFE014580, LORA, SF7BW125, 9.30, -87.00, 868.300, null, 41.173762, -7.671503, 691.0, 3.50, null, null, gps, null
253909594, 2020-12-26 14:05:54, wisblockmapper, wisblock_mapper, AC1F09FFFE014580, LORA, SF7BW125, 9.50, -75.00, 868.300, null, 41.173409, -7.671751, 692.0, 2.50, null, null, gps, null
253909475, 2020-12-26 14:05:34, wisblockmapper, wisblock_mapper, AC1F09FFFE014580, LORA, SF7BW125, 10.00, -68.00, 867.300, null, 41.173408, -7.671749, 691.0, 2.00, null, null, gps, null
253909353, 2020-12-26 14:05:14, wisblockmapper, wisblock_mapper, AC1F09FFFE014580, LORA, SF7BW125, 10.00, -81.00, 867.100, null, 41.173408, -7.671746, 691.0, 1.50, null, null, gps, null
253909217, 2020-12-26 14:04:54, wisblockmapper, wisblock_mapper, AC1F09FFFE014580, LORA, SF7BW125, 9.80, -71.00, 867.700, null, 41.173408, -7.671746, 691.0, 1.50, null, null, gps, null
253909117, 2020-12-26 14:04:34, wisblockmapper, wisblock_mapper, AC1F09FFFE014580, LORA, SF7BW125, 7.30, -73.00, 867.500, null, 41.173408, -7.671746, 691.0, 1.50, null, null, gps, null
253909021, 2020-12-26 14:04:14, wisblockmapper, wisblock_mapper, AC1F09FFFE014580, LORA, SF7BW125, 9.50, -72.00, 867.900, null, 41.173408, -7.671746, 691.0, 1.50, null, null, gps, null
253908892, 2020-12-26 14:03:54, wisblockmapper, wisblock_mapper, AC1F09FFFE014580, LORA, SF7BW125, 9.30, -75.00, 867.900, null, 41.173408, -7.671746, 691.0, 1.50, null, null, gps, null
253908775, 2020-12-26 14:03:34, wisblockmapper, wisblock_mapper, AC1F09FFFE014580, LORA, SF7BW125, 7.50, -75.00, 868.500, null, 41.173408, -7.671746, 691.0, 1.50, null, null, gps, null
253908643, 2020-12-26 14:03:14, wisblockmapper, wisblock_mapper, AC1F09FFFE014580, LORA, SF7BW125, 10.00, -70.00, 868.100, null, 41.173408, -7.671746, 691.0, 1.50, null, null, gps, null
253908533, 2020-12-26 14:02:54, wisblockmapper, wisblock_mapper, AC1F09FFFE014580, LORA, SF7BW125, 10.30, -73.00, 867.300, null, 41.173408, -7.671746, 691.0, 1.50, null, null, gps, null
253908418, 2020-12-26 14:02:34, wisblockmapper, wisblock_mapper, AC1F09FFFE014580, LORA, SF7BW125, 9.80, -73.00, 867.100, null, 41.173408, -7.671746, 691.0, 1.50, null, null, gps, null
253908328, 2020-12-26 14:02:14, wisblockmapper, wisblock_mapper, AC1F09FFFE014580, LORA, SF7BW125, 9.50, -69.00, 867.700, null, 41.173408, -7.671746, 691.0, 1.50, null, null, gps, null
253908217, 2020-12-26 14:01:54, wisblockmapper, wisblock_mapper, AC1F09FFFE014580, LORA, SF7BW125, 7.50, -73.00, 867.500, null, 41.173408, -7.671746, 691.0, 1.50, null, null, gps, null
253908110, 2020-12-26 14:01:34, wisblockmapper, wisblock_mapper, AC1F09FFFE014580, LORA, SF7BW125, 9.30, -73.00, 867.900, null, 41.173408, -7.671746, 691.0, 1.50, null, null, gps, null
253907981, 2020-12-26 14:01:14, wisblockmapper, wisblock_mapper, AC1F09FFFE014580, LORA, SF7BW125, 9.30, -71.00, 867.900, null, 41.173408, -7.671746, 691.0, 1.50, null, null, gps, null
253907852, 2020-12-26 14:00:54, wisblockmapper, wisblock_mapper, AC1F09FFFE014580, LORA, SF7BW125, 9.00, -72.00, 868.300, null, 41.173408, -7.671746, 691.0, 1.50, null, null, gps, null
253907730, 2020-12-26 14:00:34, wisblockmapper, wisblock_mapper, AC1F09FFFE014580, LORA, SF7BW125, 9.50, -71.00, 868.100, null, 41.173408, -7.671746, 691.0, 1.50, null, null, gps, null
253907611, 2020-12-26 14:00:14, wisblockmapper, wisblock_mapper, AC1F09FFFE014580, LORA, SF7BW125, 8.50, -70.00, 867.300, null, 41.173408, -7.671746, 691.0, 1.50, null, null, gps, null
253907481, 2020-12-26 13:59:54, wisblockmapper, wisblock_mapper, AC1F09FFFE014580, LORA, SF7BW125, 10.00, -73.00, 867.100, null, 41.173408, -7.671746, 691.0, 2.00, null, null, gps, null
253907360, 2020-12-26 13:59:34, wisblockmapper, wisblock_mapper, AC1F09FFFE014580, LORA, SF7BW125, 9.50, -73.00, 867.700, null, 41.173408, -7.671746, 691.0, 1.50, null, null, gps, null
253907249, 2020-12-26 13:59:14, wisblockmapper, wisblock_mapper, AC1F09FFFE014580, LORA, SF7BW125, 8.30, -71.00, 867.500, null, 41.173408, -7.671746, 691.0, 2.00, null, null, gps, null
253907134, 2020-12-26 13:58:54, wisblockmapper, wisblock_mapper, AC1F09FFFE014580, LORA, SF7BW125, 10.30, -75.00, 868.100, null, 41.173408, -7.671746, 691.0, 2.00, null, null, gps, null
253906978, 2020-12-26 13:58:34, wisblockmapper, wisblock_mapper, AC1F09FFFE014580, LORA, SF7BW125, 9.50, -73.00, 867.900, null, 41.173438, -7.671737, 691.0, 2.00, null, null, gps, null
253906882, 2020-12-26 13:58:14, wisblockmapper, wisblock_mapper, AC1F09FFFE014580, LORA, SF7BW125, 9.50, -75.00, 868.300, null, 41.173449, -7.671729, 692.0, 2.00, null, null, gps, null
253906761, 2020-12-26 13:57:54, wisblockmapper, wisblock_mapper, AC1F09FFFE014580, LORA, SF7BW125, 9.80, -73.00, 868.300, null, 41.173449, -7.671729, 692.0, 2.00, null, null, gps, null
253906655, 2020-12-26 13:57:34, wisblockmapper, wisblock_mapper, AC1F09FFFE014580, LORA, SF7BW125, 9.50, -73.00, 867.300, null, 41.173465, -7.671725, 691.0, 2.50, null, null, gps, null
253906538, 2020-12-26 13:57:14, wisblockmapper, wisblock_mapper, AC1F09FFFE014580, LORA, SF7BW125, 7.30, -64.00, 868.500, null, 41.173183, -7.672101, 685.0, 3.50, null, null, gps, null
253906440, 2020-12-26 13:56:54, wisblockmapper, wisblock_mapper, AC1F09FFFE014580, LORA, SF7BW125, 9.80, -64.00, 867.700, null, 41.173029, -7.672412, 683.0, 3.00, null, null, gps, null
253906332, 2020-12-26 13:56:34, wisblockmapper, wisblock_mapper, AC1F09FFFE014580, LORA, SF7BW125, 9.80, -61.00, 867.300, null, 41.173029, -7.672412, 683.0, 3.00, null, null, gps, null
253906225, 2020-12-26 13:56:14, wisblockmapper, wisblock_mapper, AC1F09FFFE014580, LORA, SF7BW125, 10.30, -64.00, 867.900, null, 41.173029, -7.672412, 683.0, 3.00, null, null, gps, null
253906140, 2020-12-26 13:55:54, wisblockmapper, wisblock_mapper, AC1F09FFFE014580, LORA, SF7BW125, 9.30, -75.00, 867.900, null, 41.173113, -7.672428, 682.0, 2.50, null, null, gps, null
253905973, 2020-12-26 13:55:34, wisblockmapper, wisblock_mapper, AC1F09FFFE014580, LORA, SF7BW125, 7.30, -88.00, 868.500, null, 41.173937, -7.671795, 680.0, 2.00, null, null, gps, null
253905850, 2020-12-26 13:55:14, wisblockmapper, wisblock_mapper, AC1F09FFFE014580, LORA, SF7BW125, 4.80, -107.00, 868.300, null, 41.174769, -7.670845, 676.0, 2.50, null, null, gps, null
253905730, 2020-12-26 13:54:54, wisblockmapper, wisblock_mapper, AC1F09FFFE014580, LORA, SF7BW125, -3.80, -114.00, 867.300, null, 41.175499, -7.669997, 664.0, 2.00, null, null, gps, null
253905638, 2020-12-26 13:54:34, wisblockmapper, wisblock_mapper, AC1F09FFFE014580, LORA, SF7BW125, 1.30, -111.00, 867.100, null, 41.176432, -7.669912, 656.0, 2.00, null, null, gps, null
253905516, 2020-12-26 13:54:14, wisblockmapper, wisblock_mapper, AC1F09FFFE014580, LORA, SF7BW125, 2.50, -111.00, 867.700, null, 41.177913, -7.670340, 639.0, 1.50, null, null, gps, null
253905400, 2020-12-26 13:53:54, wisblockmapper, wisblock_mapper, AC1F09FFFE014580, LORA, SF7BW125, 9.80, -95.00, 867.300, null, 41.179593, -7.670310, 629.0, 2.00, null, null, gps, null
253905170, 2020-12-26 13:53:14, wisblockmapper, wisblock_mapper, AC1F09FFFE014580, LORA, SF7BW125, 5.80, -105.00, 867.900, null, 41.182388, -7.670734, 627.0, 1.50, null, null, gps, null
253905061, 2020-12-26 13:52:54, wisblockmapper, wisblock_mapper, AC1F09FFFE014580, LORA, SF7BW125, 4.80, -107.00, 868.300, null, 41.183415, -7.672462, 628.0, 2.00, null, null, gps, null
253904961, 2020-12-26 13:52:34, wisblockmapper, wisblock_mapper, AC1F09FFFE014580, LORA, SF7BW125, 8.50, -92.00, 868.300, null, 41.184330, -7.673758, 622.0, 2.00, null, null, gps, null
253904836, 2020-12-26 13:52:14, wisblockmapper, wisblock_mapper, AC1F09FFFE014580, LORA, SF7BW125, 9.30, -91.00, 867.100, null, 41.185394, -7.675781, 626.0, 2.50, null, null, gps, null
253904745, 2020-12-26 13:51:54, wisblockmapper, wisblock_mapper, AC1F09FFFE014580, LORA, SF7BW125, 9.00, -95.00, 867.100, null, 41.185867, -7.678123, 633.0, 2.00, null, null, gps, null
253904645, 2020-12-26 13:51:34, wisblockmapper, wisblock_mapper, AC1F09FFFE014580, LORA, SF7BW125, 6.50, -103.00, 867.500, null, 41.186385, -7.680338, 635.0, 2.00, null, null, gps, null
253904577, 2020-12-26 13:51:14, wisblockmapper, wisblock_mapper, AC1F09FFFE014580, LORA, SF7BW125, -2.00, -113.00, 867.500, null, 41.186697, -7.682311, 630.0, 2.00, null, null, gps, null
253904401, 2020-12-26 13:50:54, wisblockmapper, wisblock_mapper, AC1F09FFFE014580, LORA, SF7BW125, 2.80, -115.00, 868.100, null, 41.186891, -7.684409, 622.0, 2.00, null, null, gps, null
253904377, 2020-12-26 13:50:34, wisblockmapper, wisblock_mapper, AC1F09FFFE014580, LORA, SF7BW125, -7.50, -120.00, 867.700, null, 41.186667, -7.686087, 610.0, 2.50, null, null, gps, null
253904180, 2020-12-26 13:50:14, wisblockmapper, wisblock_mapper, AC1F09FFFE014580, LORA, SF7BW125, 3.50, -115.00, 868.500, null, 41.186776, -7.687445, 603.0, 2.50, null, null, gps, null
253904055, 2020-12-26 13:49:54, wisblockmapper, wisblock_mapper, AC1F09FFFE014580, LORA, SF7BW125, -0.80, -112.00, 868.300, null, 41.186998, -7.688814, 596.0, 2.00, null, null, gps, null
253903059, 2020-12-26 13:46:54, wisblockmapper, wisblock_mapper, AC1F09FFFE014580, LORA, SF7BW125, 8.50, -101.00, 867.100, null, 41.193742, -7.689258, 600.0, 2.50, null, null, gps, null
253902942, 2020-12-26 13:46:34, wisblockmapper, wisblock_mapper, AC1F09FFFE014580, LORA, SF7BW125, 4.80, -107.00, 868.500, null, 41.194652, -7.690905, 607.0, 2.50, null, null, gps, null
253893990, 2020-12-26 13:20:34, wisblockmapper, wisblock_mapper, ttn-gateway-utad-arroios-02, LORA, SF7BW125, 5.25, -103.00, 868.300, null, 41.288900, -7.703902, 582.0, 2.50, null, null, gps, null
253893250, 2020-12-26 13:18:14, wisblockmapper, wisblock_mapper, ttn-gateway-utad-arroios-02, LORA, SF7BW125, -3.00, -114.00, 868.500, null, 41.289728, -7.705429, 555.0, 2.50, null, null, gps, null
253892982, 2020-12-26 13:17:14, wisblockmapper, wisblock_mapper, ttn-gateway-utad-arroios-02, LORA, SF7BW125, 10.25, -91.00, 867.100, null, 41.288716, -7.705624, 552.0, 3.00, null, null, gps, null
253892887, 2020-12-26 13:16:54, wisblockmapper, wisblock_mapper, ttn-gateway-utad-arroios-02, LORA, SF7BW125, 9.75, -90.00, 867.700, null, 41.288712, -7.705649, 556.0, 2.50, null, null, gps, null
253892751, 2020-12-26 13:16:34, wisblockmapper, wisblock_mapper, ttn-gateway-utad-arroios-02, LORA, SF7BW125, 9.50, -87.00, 867.300, null, 41.288712, -7.705649, 556.0, 2.00, null, null, gps, null
253892666, 2020-12-26 13:16:14, wisblockmapper, wisblock_mapper, ttn-gateway-utad-arroios-02, LORA, SF7BW125, 9.75, -91.00, 868.100, null, 41.288712, -7.705653, 557.0, 2.00, null, null, gps, null
253892532, 2020-12-26 13:15:54, wisblockmapper, wisblock_mapper, ttn-gateway-utad-arroios-02, LORA, SF7BW125, 9.75, -89.00, 867.700, null, 41.288712, -7.705653, 557.0, 2.00, null, null, gps, null

Number of rows dumped: 280